Page,ButtonBar,Bubble,FlashTable,ImageLoader,LazyText,ResizeButton,TextBox,AnimationController,DragSource,DropTarget,MCTable,SyntaxChecker,No shared_lib_base.swf import
0.0.1.1,,,,,,,,,,,,,X
0.0.1.10,,,,,,,,,,,,,X
0.0.1.11,,,,,,,,,,,,,X
0.0.1.2,,,,X,,,,,,,,,
0.0.1.3,,,,,,,,,,,,,X
0.0.1.4,,,,,X,,,,,,,,
0.0.1.5,,,,X,X,,,,,,,,
0.0.1.6,,,,X,X,,,,,,,,
0.0.1.7,,,,X,X,,,,,,,,
0.0.1.8,,,,X,X,,,,,,,,
0.0.1.9,,,,X,X,,,,,,,,
0.1.1.1,,,,,,,,,,,,,X
1.0.1.1,,,,X,X,,,,,,,,
1.0.1.2,,,,X,X,,X,,,,,,
1.1.1.1,,,,,X,,,,,,,,
1.1.1.2,,,,,X,,,,,,,,
1.1.1.3,X,,X,X,X,,,,,,,,
1.1.1.4,,,,,X,,,X,,,,,
1.1.1.5,,,,,X,,,X,,,,,
1.1.1.6,X,,,,X,,,,,,,,
1.1.1.7,,,,X,X,X,X,,X,X,,,
1.1.1.8,,,,X,X,,,,,,,,
1.1.1.9,,,,X,X,,,,,,,,
1.1.2.1,,,,,X,,,,,,,,
1.1.2.2,,X,,,X,,,,,,,,
1.1.2.3,,,X,,X,,,,,,,,
1.1.2.4,,,,X,X,,,,,,,,
1.1.2.5,,,X,X,X,,,,,,,,
1.1.2.6,,,,,X,,,,,,,,
1.1.2.7,,,,,X,X,,,,,,X,
1.1.2.8,,,,,X,X,X,,X,X,,,
1.1.2.9,,,,X,X,,,,,,,,
1.1.3.1,X,,,,X,X,,,,,,X,
1.1.3.2,X,,,,X,X,,,,,,X,
1.1.3.3,X,,,X,X,X,,,,,,X,
1.1.3.4,,,,,X,,,,,,,,
1.1.3.5,,,,X,X,,,,,,,,
1.1.4.1,X,,,,X,X,,,,,,X,
1.1.4.2,X,,,,X,,,,,,,,
1.1.4.3,X,,,,X,X,,,,,,X,
1.1.4.4,,,,,X,X,,,,,,X,
1.1.4.5,,,,X,X,,,,,,,,
1.1.4.6,,,,X,X,,,,,,,,
1.2.1.1,,,,,X,,,,,,,,
1.2.1.2,,X,,,X,,,X,,,,,
1.2.1.3,,X,,,X,,,X,,,,,
1.2.1.4,,X,,,X,,,X,,,,,
1.2.1.5,,X,,,X,,,X,,,,,
1.2.1.6,,,,,X,X,X,,X,X,,,
1.2.2.1,,,,,X,,,,,,,,
1.2.2.2,,,,,X,,,X,,,,,
1.2.2.3,,,,,X,,,X,,,,,
1.2.2.4,,,X,,X,,,,,,,,
1.2.2.5,X,,,,X,X,X,,X,X,,,
1.2.2.6,,,,,X,X,X,,X,X,,,
1.3.1.1,,,,,X,,,,,,,,
1.3.1.2,,,,,X,,,,,,,,
1.3.1.3,,,,,X,,,,,,,,
1.3.1.4,,,,,X,X,X,,X,X,,,
1.3.2.1,,,,,X,,,,,,,,
1.3.2.2,,,,,X,,,,,,,,
1.3.2.3,X,,,,X,X,,,,,,X,
1.3.2.4,X,,,,X,,,,,,,,
1.3.2.5,,,,X,X,,,,,,,,
1.3.3.1,,X,,,X,,,,,,,,
1.3.3.2,X,,,,X,X,,,,,,X,
1.3.3.3,X,,,,X,,,,,,,,
1.3.4.1,,X,,,X,,,,,,,,
1.3.4.2,,,,,X,,,,,,,,
1.3.4.3,,,,,X,,,,,,,,
1.3.4.4,,,,,X,,,,,,,,
1.3.4.5,,,,,X,,,,,,,,
1.4.1.1,,,,X,,,X,,,,,,
1.4.1.2,,,,X,X,,,,,,,,
10.0.1.1,,,,X,X,,,,,,,,
10.1.1.1,,,,,X,,,,,,,,
10.1.1.2,X,,,,X,X,,,,,,X,
10.1.1.3,X,,,,X,,,,,,,,
10.1.1.4,,,,X,X,,,,,,,,
10.1.2.1,,,,,X,,,,,,,,
10.1.2.2,,,,,X,X,,,,,,X,
10.1.2.3,,,,,X,,,,,,,,
10.1.2.4,,,,,X,X,X,,,,X,,
10.1.2.5,,,,X,X,,,,,,,,
10.2.1.1,,,,,X,,,,,,,,
10.2.1.2,,,,,X,,,,,,,,
10.2.1.3,X,,,,X,X,,,,,,X,
10.2.1.4,,,,X,X,,,,,,,,
10.2.2.1,,,,,X,,,,,,,,
10.2.2.2,,,,,X,,,,,,,,
10.2.2.3,,,X,,X,,,,,,,,
10.2.2.4,,,,,X,,,,,,,,
10.2.2.5,X,,,,X,X,X,,X,X,,,
10.2.3.1,,,,X,X,,,,,,,,
10.2.3.2,,,,,X,,,,,,,,
10.2.3.3,,,,X,X,,,,,,,,
10.2.3.4,,,,,X,X,,,,,,X,
10.2.3.5,,,,X,X,,,,,,,,
10.2.3.6,,,,X,X,,,,,,,,
10.3.1.1,X,,,,X,,,,,,,,
10.3.1.10,,,,X,X,,,,,,,,
10.3.1.11,,,,X,X,,,,,,,,
10.3.1.2,,,,,X,,,,,,,,
10.3.1.3,,,X,X,X,,X,,,,,,
10.3.1.4,,,,,X,,,,,,,,
10.3.1.5,,,,X,X,,,,,,,,
10.3.1.6,X,,,,X,,X,,,,,,
10.3.1.7,X,,,,X,X,,,,,,X,
10.3.1.8,,,,X,X,,,,,,,,
10.3.1.9,,,,X,X,,,,,,,,
10.3.2.1,,,,,X,,,,,,,,
10.3.2.2,,,,,X,,,,,,,,
10.3.3.1,,,,,X,,,,,,,,
10.3.3.2,X,,,,X,X,,,,,,X,
10.3.3.3,X,,,,X,,,,,,,,
10.3.3.4,,,,,X,,,,,,,,
10.3.3.5,,,,X,X,,,,,,,,
10.3.3.6,,,,,X,,,,,,,,
10.3.4.1,,,,,X,X,X,,,,,,
10.3.4.2,,,,,X,,,,,,,,
10.3.4.3,,,,,X,,,,,,,,
10.3.4.4,X,,,X,X,X,,,,,,X,
10.3.4.5,,,,,X,X,,,,,,X,
10.3.5.1,,,,,X,,,,,,,,
10.3.5.2,X,,,,X,X,,,,,,X,
10.3.5.3,,,,,X,X,,,,,,X,
10.3.5.4,,,,,X,X,,,,,,X,
10.3.5.5,,,,,X,,,,,,,,
10.4.1.1,,,,X,X,,,,,,,,
10.4.1.2,,,,X,X,,,,,,,,
2.0.1.1,,,,X,X,,,,,,,,
2.0.1.2,,,,X,X,,X,,,,,,
2.1.1.1,,X,,,X,,,,,,,,
2.1.1.2,,,X,,X,,,,,,,,
2.1.1.3,,,,,X,,,,,,,,
2.1.1.4,,,,,X,X,X,,,,X,,
2.1.2.1,,,,,,,X,,,,,,
2.1.2.2,,X,,,X,,,,,,,,
2.1.2.3,,X,,,X,,,,,,,,
2.1.2.4,,X,,,X,,,,,,,,
2.1.2.5,,X,,,X,,,,,,,,
2.1.2.6,,,,,X,X,X,,,,X,,
2.2.1.1,,,X,,X,,,,,,,,
2.2.1.2,X,,,,X,,,,,,,,
2.2.1.3,X,,,,X,X,,,,,,X,
2.2.1.4,X,,,,X,X,,,,,,X,
2.2.1.5,X,,,,X,X,,,,,,X,
2.2.1.6,X,,,,X,X,,,,,,X,
2.2.2.1,,,X,,X,,,,,,,,
2.2.2.2,,,,,X,,,,,,,,
2.2.2.3,,,,,X,,,,,,,,
2.2.2.4,,,,X,X,,,,,,,,
2.2.2.5,,,,X,X,,,,,,,,
2.2.3.1,X,,X,,X,X,,,,,,X,
2.2.3.2,X,,,,X,,,,,,,,
2.2.3.3,X,,,,X,X,,,,,,X,
2.2.3.4,X,,,,X,X,,,,,,X,
2.2.3.5,X,,,,X,X,,,,,,X,
2.2.3.6,X,,,,X,,,,,,,,
2.2.4.1,,,X,,X,,,,,,,,
2.2.4.2,,,,,X,,,,,,,,
2.2.4.3,,,,,X,,,,,,,,
2.2.4.4,,,,X,X,,,,,,,,
2.2.4.5,,,,X,X,,,,,,,,
2.2.5.1,,X,,,X,,,,,,,,
2.2.5.2,X,,,,X,X,,,,,,X,
2.2.5.3,X,,,,X,,,,,,,,
2.2.5.4,X,,,,X,,,,,,,,
2.2.5.5,,,,X,X,,,,,,,,
2.2.6.1,,,,,X,,,,,,,,
2.2.6.2,X,,,,X,X,,,,,,X,
2.3.1.1,,,,,X,,,X,,,,,
2.3.2.1,X,,,,X,,,,,,,,
2.3.2.2,X,,,,X,,,,,,,,
2.3.2.3,,,,X,X,,,,,,,,
2.3.2.4,,,,X,X,,,,,,,,
2.4.1.1,,,,X,,,X,,,,,,
2.4.1.2,,,,X,X,,,,,,,,
3.0.1.1,,,,X,X,,,,,,,,
3.0.1.2,,,,X,,,X,,,,,,
3.1.1.1,,,X,,X,,,,,,,,
3.1.1.2,,,,,X,,,X,,,,,
3.1.2.1,,X,,,X,,,,,,,,
3.1.2.2,,,X,,X,,,,,,,,
3.1.2.3,,,,,X,,,,,,,,
3.1.2.4,,,X,,X,,,,,,,,
3.1.2.5,,,,,X,X,X,,,,X,,
3.2.1.1,X,,X,,X,,,,,,,,
3.2.1.2,,,,,X,X,,,,,,X,
3.2.1.3,X,,,,X,X,,,,,,X,
3.2.1.4,X,,,,X,X,,,,,,X,
3.2.1.5,X,,,,X,X,,,,,,X,
3.2.1.6,X,,,,X,X,,,,,,X,
3.2.1.7,X,,,,X,X,,,,,,X,
3.2.1.8,,,,X,X,,,,,,,,
3.2.1.9,,,,X,X,,,,,,,,
3.3.1.1,,,,,X,,,,,,,,
3.3.1.2,,,,,X,,,,,,,,
3.3.1.3,,,,,X,,,,,,,,
3.3.1.4,,,,,X,X,X,,X,X,,,
3.3.2.1,,,,,X,,,,,,,,
3.3.2.2,,,,,X,,,,,,,,
3.3.2.3,,,,,X,,,,,,,,
3.3.2.4,,,,,X,,,,,,,,
3.3.2.5,X,,,,X,,,,,,,,
3.3.2.6,,,,,X,X,X,,X,X,,,
3.3.3.1,X,,,,X,,,,,,,,
3.3.3.2,,,,,X,,,,,,,,
3.3.3.3,,,,,X,X,X,,X,X,,,
3.3.4.1,,,,,X,,,,,,,,
3.3.4.2,X,,,,X,,,,,,,,
3.3.4.3,,,,,X,,,,,,,,
3.3.4.4,X,,,,X,X,X,,X,X,,,
3.4.1.1,,,,X,,,X,,,,,,
3.4.1.2,,,,X,X,,,,,,,,
4.0.1.1,,,,X,X,,,,,,,,
4.0.1.2,,,,X,,,X,,,,,,
4.1.1.1,X,,,X,X,,,,,,,,
4.1.1.2,,,,,X,,,,,,,,
4.1.1.3,,,,,X,,,,,,,,
4.1.1.4,,,,,X,,,,,,,,
4.1.1.5,,,,,X,,,,,,,,
4.1.1.6,,,,,X,X,X,,,,X,,
4.1.2.1,,,,,X,,,,,,,,
4.1.2.2,X,,,X,X,,X,,,,,,
4.1.2.3,,,,,X,X,X,,X,X,,,
4.2.1.1,,X,X,,X,,,X,,,,,
4.2.1.2,,,,,X,,,,,,,,
4.2.1.3,,,,,X,,,X,,,,,
4.2.1.4,,,,,X,,,,,,,,
4.2.1.5,,,,,X,,,,,,,,
4.2.1.6,,,,,X,X,X,,,,X,,
4.2.1.7,,,,,X,X,X,,,,,,
4.2.2.1,,,,,X,,,,,,,,
4.2.2.2,,,,,X,,,X,,,,,
4.2.2.3,,,,X,X,,,,,,,,
4.2.2.4,X,,,,X,X,X,,,,,,
4.3.1.1,,,,X,X,,,,,,,,
4.3.1.2,,,,,X,X,,,,,,X,
4.3.1.3,,,,X,X,,,,,,,,
5.0.1.1,,,,X,X,,,,,,,,
5.0.1.2,,,,X,,,X,,,,,,
5.1.1.1,,,,,X,,,,,,,,
5.1.1.2,,,,,X,,,,,,,,
5.1.1.3,,,X,X,X,,,,,,,,
5.1.1.4,,,,,X,,X,,,,,,
5.1.1.5,X,,X,,X,,,,,,,,
5.1.1.6,,,,X,X,,,,,,,,
5.1.2.1,,,,,X,,,,,,,,
5.1.2.2,,,X,,X,X,,,,,,X,
5.1.2.3,X,,X,,X,X,,,,,,X,
5.1.2.4,X,,X,,X,,,,,,,,
5.1.2.5,X,,X,,X,,,,,,,,
5.1.2.6,,,,,X,,,,,,,,
5.2.1.1,X,,,X,X,,,,,,,,
5.2.1.2,,,,,X,X,,,,,,X,
5.2.1.3,X,,,X,X,,,,,,,,
5.2.1.4,,,,X,X,,,,,,,,
5.2.2.1,,,,,X,,,,,,,,
5.2.2.2,,,,X,X,,X,,,,,,
5.2.2.3,,,X,,X,,X,,,,,,
5.2.2.4,X,,X,,X,,,,,,,,
5.2.2.5,X,,,,X,,,,,,,,
5.2.2.6,X,,,,X,,,,,,,,
5.2.2.7,,,,X,X,,,,,,,,
5.2.2.8,,,,X,X,,,,,,,,
5.2.2.9,,,,X,X,,,,,,,,
5.3.1.1,,,,X,X,,,,,,,,
5.3.1.2,,,,X,X,,,,,,,,
5.3.1.3,,,,X,X,,,,,,,,
6.0.1.1,,,,X,X,,,,,,,,
6.0.1.2,,,,,X,,,,,,,,
6.1.1.1,,,,,X,,,,,,,,
6.1.1.2,,,,,X,,X,,,,,,
6.1.1.3,,,,,X,,X,,,,,,
6.1.1.4,,,,,X,,,,,,,,
6.1.1.5,,,,X,X,,,,,,,,
6.1.2.1,,,,,X,,,,,,,,
6.1.2.2,,,,,X,,,X,,,,,
6.1.2.3,,,,,X,,,,,,,,
6.1.2.4,,,,,X,,,,,,,,
6.1.2.5,,,,,X,,,,,,,,
6.1.2.6,X,,,,X,X,X,,X,X,,,
6.1.2.7,,,,X,X,,,,,,,,
6.2.1.1,,,,,X,,,,,,,,
6.2.1.2,X,,X,,X,X,,,,,,X,
6.2.1.3,X,,X,,X,X,,,,,,X,
6.2.1.4,X,,X,,X,X,,,,,,X,
6.2.1.5,,,,,X,,,,,,,,
6.2.1.6,X,,X,,X,X,,,,,,X,
6.2.1.7,,,,X,X,,,,,,,,
6.2.2.1,X,,X,,X,,,,,,,,
6.2.2.2,X,,X,,X,,,,,,,,
6.2.2.3,,,,,X,X,,,,,,X,
6.2.2.4,,,,X,X,,,,,,,,
6.2.2.5,,,,X,X,,,,,,,,
6.2.3.1,X,X,,X,X,,,,,,,,
6.2.3.2,,X,,,X,,,,,,,,
6.2.3.3,,X,,,X,,,,,,,,
6.2.3.4,,,X,,X,,,,,,,,
6.2.3.5,X,X,,,X,,,X,,,,,
6.2.3.6,X,X,,,X,,,,,,,,
6.2.3.7,,,,X,X,,,,,,,,
6.2.3.8,,,,X,X,,,,,,,,
6.2.3.9,,,,X,X,,,,,,,,
6.3.1.1,,,,,X,,,,,,,,
6.3.1.2,,,,,X,,,X,,,,,
6.3.1.3,,,,,X,,,X,,,,,
6.3.1.4,,,,,,,,,,,,,X
6.3.2.1,,,,,X,,X,X,,,,,
6.3.2.2,,,,,X,,,,,,,,
6.3.2.3,,,,,X,,,,,,,,
6.3.2.4,,,,X,X,,,,,,,,
6.3.3.1,,,,,X,,X,X,,,,,
6.3.3.2,,,,,X,,,,,,,,
6.3.3.3,,,,,X,,,,,,,,
6.3.3.4,,,,,,,,,,,,,X
6.3.3.5,,,,,,,,,,,,,X
6.3.3.6,,,,,,,,,,,,,X
6.3.3.7,X,,,,X,X,,,,,,X,
6.3.3.8,,,,X,X,,,,,,,,
6.4.1.1,,,,,X,,,,,,,,
6.4.1.2,,,,X,X,,,,,,,,
6.4.1.3,,,,X,X,,,,,,,,
7.0.1.1,,,,X,X,,,,,,,,
7.0.1.2,,,,,,,X,,,,,,
7.1.1.1,,,,,X,,,,,,,,
7.1.1.2,,,,,X,,,,,,,,
7.1.1.3,,X,,,X,,,,,,,,
7.1.1.4,,,,X,X,,,,,,,,
7.1.2.1,,,X,,X,,,,,,,,
7.1.2.2,,,X,,X,,,,,,,,
7.1.2.3,,,,,X,,,,,,,,
7.1.2.4,,,,,X,,,,,,,,
7.1.2.5,,,,,X,,,,,,,,
7.1.2.6,,,,,X,X,X,,X,X,,,
7.1.2.7,X,,,,X,X,X,,X,X,,,
7.1.3.1,,,,,X,,X,,,,,,
7.1.3.2,,,X,,X,,,,,,,,
7.1.3.3,,,,,X,X,X,,X,X,,,
7.1.4.1,,X,,,X,,,,,,,,
7.1.4.2,,X,,,X,,,,,,,,
7.2.1.1,X,,X,,X,,,,,,,,
7.2.1.2,,,,,X,,,,,,,,
7.2.1.3,,,,,X,,,,,,,,
7.2.1.4,,,,,X,,,,,,,,
7.2.1.5,X,,,,X,X,X,,X,X,,,
7.2.1.6,,,,X,X,,,,,,,,
7.2.1.7,,,,X,X,,,,,,,,
7.2.2.1,,,,,X,,,,,,,,
7.2.2.2,,,,,X,,,,,,,,
7.2.2.3,,,,,X,,,,,,,,
7.2.2.4,,,,,X,,,,,,,,
7.2.2.5,,,,,X,,,,,,,,
7.2.2.6,,,,X,X,,,,,,,,
7.2.3.1,,,,,X,X,,,,,,X,
7.2.3.2,,,,,,,,,,,,,X
7.2.3.3,,,,X,X,,,,,,,,
7.2.3.4,,,,X,X,,,,,,,,
7.3.1.1,,,,,X,,,,,,,,
7.3.1.2,X,,,,X,,,,,,,,
7.3.1.3,,,,,X,,,,,,,,
7.3.1.4,,,,,X,,,,,,,,
7.3.2.1,,,,,X,,,,,,,,
7.3.2.2,X,,,,X,,,,,,,,
7.3.2.3,,,,,X,,,,,,,,
7.3.2.4,,,,X,X,,,,,,,,
7.3.2.5,,,,X,X,,,,,,,,
7.4.1.1,,,,X,,,X,,,,,,
7.4.1.2,,,,X,X,,,,,,,,
7.4.1.3,,,,X,X,,,,,,,,
8.0.1.1,,,,X,X,,,,,,,,
8.1.1.1,,X,,,X,,,,,,,,
8.1.1.2,X,X,,,X,,,,,,,,
8.1.1.3,,,X,,X,,,,,,,,
8.1.1.4,,,,,X,,X,,,,,,
8.1.1.5,,,,,X,X,X,,X,X,,,
8.1.2.1,X,,X,,X,X,,,,,,X,
8.1.2.2,X,,,,X,,,,,,,,
8.1.2.3,X,X,,,X,X,,,,,,X,
8.1.2.4,,,,X,X,,,,,,,,
8.1.2.5,,,,X,X,,,,,,,,
8.1.3.1,,,,,X,X,,,,,,X,
8.1.3.2,,,,X,X,,,,,,,,
8.1.3.3,,,,X,X,,,,,,,,
8.1.4.1,,,X,,X,,,,,,,,
8.1.4.2,,,,,X,,,,,,,,
8.1.4.3,,,,,X,,,,,,,,
8.1.4.4,,,,X,X,,,,,,,,
8.2.1.1,,,,,X,,,,,,,,
8.2.1.2,X,,,,X,,,,,,,,
8.2.1.3,,,,,X,,,,,,,,
8.2.1.4,,X,,,X,,,,,,,,
8.2.1.5,,X,,,X,,,,,,,,
8.2.1.6,,X,,,X,,,,,,,,
8.2.1.7,X,,,,X,,,,,,,,
8.2.1.8,,,,,X,X,X,,X,X,,,
8.2.2.1,,,,,X,,,,,,,,
8.2.2.2,,,,,X,,,,,,,,
8.2.2.3,X,,,,X,X,,,,,,X,
8.2.3.1,,,,,X,,,,,,,,
8.2.3.2,,,,,X,,,,,,,,
8.2.3.3,X,,,,X,X,,,,,,X,
8.2.3.4,X,,,,X,X,,,,,,X,
8.2.3.5,,,,X,X,,,,,,,,
8.2.4.1,,,X,,X,,,,,,,,
8.2.4.2,,,,,X,,,,,,,,
8.2.4.3,,,,,X,,,,,,,,
8.2.4.4,,,,X,X,,,,,,,,
8.3.1.1,,,,X,,,X,,,,,,
8.3.1.2,,,,X,X,,,,,,,,
8.3.1.3,,,,X,X,,,,,,,,
9.0.1.1,,,,X,X,,,,,,,,
9.0.1.2,,,,X,X,,,,,,,,
9.1.1.1,,,X,,X,,,,,,,,
9.1.1.2,,X,,,X,,,,,,,,
9.1.1.3,,,,,X,,,,,,,,
9.1.1.4,,,X,,X,,,,,,,,
9.1.1.5,,,X,,X,,,X,,,,,
9.1.1.6,,,,,X,X,X,,X,X,,,
9.1.2.1,,,X,,X,,,,,,,,
9.1.2.2,,,X,,X,,,,,,,,
9.1.2.3,,,,,X,,,X,,,,,
9.1.2.4,,,,,X,,,X,,,,,
9.1.2.5,,,X,,X,,,,,,,,
9.1.2.6,,,,X,X,,,,,,,,
9.1.3.1,,,,,X,,X,,,,,,
9.1.3.2,,,,,X,,X,,,,,,
9.2.1.1,X,,X,,X,X,,,,,,X,
9.2.1.2,,,X,,X,,,,,,,,
9.2.1.3,,,,,X,,,,,,,,
9.2.1.4,,,,X,X,,,,,,,,
9.2.2.1,,,X,,X,,,,,,,,
9.2.2.2,X,,X,,X,X,,,,,,X,
9.2.2.3,,,X,,X,,,,,,,,
9.2.2.4,X,,X,,X,,,,,,,,
9.2.2.5,,,,X,X,,,,,,,,
9.2.2.6,,,,X,X,,,,,,,,
9.2.3.1,X,,X,,X,X,,,,,,X,
9.2.3.2,X,,X,,X,X,,,,,,X,
9.2.3.3,,,X,,X,,,,,,,,
9.2.3.4,,,,,X,,,,,,,,
9.2.3.5,X,,,,X,X,X,,X,X,,,
9.2.3.6,,,,X,X,,,,,,,,
9.2.3.7,,,,X,X,,,,,,,,
9.2.4.1,,X,,,X,,,,,,,,
9.2.4.2,,,,X,X,,,,,,,,
9.2.4.3,X,,X,,X,,,,,,,,
9.2.4.4,,,,X,X,,,,,,,,
9.2.5.1,,,,,X,,,,,,,,
9.2.5.2,,,,,X,,,,,,,,
9.2.5.3,,,,,X,,,,,,,,
9.3.1.1,,,,,X,,,,,,,,
9.3.1.2,,,,,X,,,,,,,,
9.3.1.3,X,,,,X,,,,,,,,
9.3.1.4,,,,X,X,,,,,,,,
9.3.1.5,,,,X,X,,,,,,,,
9.4.1.1,,,,X,X,,,,,,,,
9.4.1.2,,,,X,X,,,,,,,,
9.4.1.3,,,,X,X,,,,,,,,
